time,speed,gradient
0,0,0
6.673,3.6,0
14.751,3.6,0.997542
17.493,3.6,0.306127
20.88,3.6,0
24.964,3.6,0
28.585,3.6,-0
30.889,4.4,-0
40.758,4.4,0.0267792
49.247,4.2,-0
51.014,3.9,-0
52.991,2.2,-0
67.677,2.2,0
82.155,2.2,-0
87.122,2.2,0.258252
93.379,3.1,0
108.061,3.1,0
114.221,3.1,-0
139.993,2.5,-0.0131572
145.377,3.3,-0
148.584,3.3,-0
152.923,3.3,0
155.163,4.4,-0
158.714,3.9,0
163.023,3.9,0
180.569,3.9,0.0523792
184.418,6.4,-0
188.403,7.2,0
192.441,7.2,0
199.41,7.8,-0.30607
205.297,7.8,-0.847465
208.212,9.2,-0
218.204,9.2,-0.0503775
221.91,9.4,-0
224.882,10.3,-0
230.557,10.3,-0.0762978
234.001,10.3,-0
235.899,10.8,-0
237.214,10.8,-0
242.561,9.4,0.159738
244.73,9.4,-0
246.97,9.4,0
248.229,7.2,-0
249.674,7.8,0
251.212,7.8,0
252.39,7.8,-0
253.639,7.8,0.197393
256.704,7.8,0
262.189,8.3,0
264.215,8.3,-0
265.228,8.3,-0
266.139,8.3,-0
268.276,8.3,0
269.281,8.3,-0
270.262,8.3,-0
271.76,8.3,0
272.933,8.3,-0
273.881,8.3,-0
275.158,8.3,0
276.51,8.3,0
279.245,8.3,0
282.102,8.3,0
284.859,8.3,1.46592
286.341,8.3,-0
287.829,8.3,0
294.256,8.3,0
316.929,2.5,-1.21609
318.981,5,-0
320.642,5,-0
320.962,5.8,-0
321.255,5.8,0
323.68,5.6,0
331.854,5.6,0
333.63,5.6,-0
335.096,5.6,-0
339.465,3.3,-0
341.597,3.3,-0
356.137,3.3,-0.0627195
368.433,3.3,-0
370.632,3.3,-0
373.661,3.3,-0
381.683,3.1,0
382.316,4.4,-0
388.172,4.4,-0.0301633
391.202,4.4,-0.0718761
395.767,5.8,0
400.222,5.8,0
404.48,5.8,-0
411.432,5.8,0
412.806,5.8,-0
415.687,8.1,-0
418.657,8.1,0.005917
422.615,8.1,0
426.506,8.1,-1.0637
428.468,8.1,-0
430.466,8.1,0
435.947,3.6,0
438.299,3.6,-0
440.426,3.6,-0
445.474,3.6,0
448.56,3.6,-0.183622
451.376,3.6,-0
452.005,3.6,-0
459.541,3.6,0
462.034,3.6,-0
466.108,7.8,0
467.803,7.8,-0
469.689,7.8,0
471.406,7.8,-0
472.746,8.9,-0
473.968,8.9,0.35877
475.793,8.9,-0.0377181
477.113,8.9,-0
478.457,8.9,0
480.975,8.9,0
487.765,8.3,0
490.625,7.8,-0
494.014,7.8,0.501013
496.453,7.8,-0
499.265,7.8,0
502.007,7.8,-0
503.736,5.3,-0
505.651,5.3,0
509.011,6.7,0
510.336,6.7,-0
528.934,8.3,-0.00619187
531.851,7.8,-0
538.839,5.8,0
552.885,3.1,0
558.466,3.1,0.0501509
563.894,3.1,-0
566.977,2.8,-0
571.08,2.8,0
575.693,2.8,0
579.561,2.8,-0
583.483,2.8,0
590.318,2.8,0
602.072,2.8,0
611.299,1.9,0.00680277
635.869,1.9,0
639.65,1.9,-0
643.339,8.6,0
644.629,10.3,0
647.704,10.3,0
649.245,10.3,-0
651.864,8.1,0
653.092,8.1,-0
665.066,8.1,-0.0265833
668.907,8.1,-0
670.02,8.1,-0
671.03,8.1,-1.39755
672.132,8.1,0
673.196,8.1,-0
674.104,8.1,-0
674.956,8.1,-0
675.854,8.1,0
676.851,8.1,0
678.029,8.1,0
681.596,8.1,0
691.023,6.7,0.0530475
693.453,6.7,-0
696.423,8.6,0
697.793,8.6,-0
699.139,8.6,-0
700.232,8.6,-0
701.273,8.6,1.43824
702.09,8.6,-0
702.955,8.6,0
703.831,8.6,0
704.701,8.6,0
705.666,8.6,0
706.776,8.6,0
707.716,8.6,-0
708.747,8.6,0
709.986,8.6,0
711.224,8.6,0
712.795,8.6,0
714.745,8.6,0.68573
719.981,8.6,0
728.595,8.6,-0.109526
740.541,8.6,0
746.495,8.6,-0.00388349
749.729,18.9,-0.114086
754.215,18.9,0.087641
758.424,18.9,-0
766.148,18.9,-0.0706653
769.022,18.9,-0
772.328,18.9,0.429348
776.847,18.9,-0.0523539
778.688,18.9,-0.0177496
780.928,18.9,0
783.027,18.9,-0
785.626,18.9,0.0531414
788.102,18.9,-0
790.509,18.9,1.38257
792.652,18.9,0.0399788
794.59,18.9,-0
796.617,19.7,0
799.176,19.7,0.189988
802.379,19.7,0
808.704,19.7,-0.0130074
809.374,20.3,-0
814.061,20,-0.0199973
821.311,20,0.0194528
826.501,20,-0.00970838
829.935,20,0.0113955
833.241,20,-0
835.759,20,-0.0758039
837.708,20,-0
840.36,20,0
843.552,20,0.202781
846.002,20,-0
849.35,20,0.0831412
850.193,20.3,-0
852.062,20.3,0
854.932,20.3,-0.0884386
858.548,20.3,0
860.166,20.3,-0
865.985,19.7,0.0365691
871.455,19.7,0.330297
878.612,19.7,-0.0776877
882.371,19.7,-0.0921378
887.085,19.7,-0.22873
888.901,20,-0
895.42,19.7,0.00541707
897.458,19.4,-0.0213451
902.19,19.2,-0.0215231
906.345,19.2,0.00909087
907.463,17.8,-0
909.93,15.3,-0.0393056
911.272,15.3,-0
915.182,15.3,0
916.413,15.3,-0
919.041,15.3,-0.00934538
921.205,15.3,-0
922.905,15.3,-0
924.772,15.3,0
926.78,15.3,0.135527
932.079,15.3,0
934.471,15.3,-0.0941033
943.547,15.3,-0.0293458
945.117,16.7,-0
946.325,19.2,-0
961.831,19.2,-0.00583936
981.962,19.2,0.0910665
985.832,19.2,-0
989.486,19.2,0.71883
993.171,19.2,0
996.944,19.2,0.755104
999.21,19.2,-0
1000.51,19.2,-0
1004.7,19.2,0.00542489
1006.87,19.2,-0
1010.75,19.2,-0.00911827
1015.76,19.2,0.141897
1020.78,19.2,0
1035.22,19.2,-0.0116274
1038.72,19.2,-0
1039.33,19.2,-0
1043.72,19.2,0.0179539
1048.69,19.2,0.283096
1052.22,19.2,-0.0579062
1053.19,19.2,-0
1056.93,19.2,-0.0564372
1061.89,19.2,0
1066.84,19.2,-1.47584
1069.25,19.2,0.0697021
1069.93,19.2,-0
1079.49,19.2,0.0117572
1086.84,19.2,-0.0378071
1087.76,19.2,-0
1102.33,19.2,0.00611145
1107.91,19.2,0.0127677
1109.66,19.2,-0
1115.97,19.2,0.0159987
1120.96,19.2,0.0821676
1126.45,19.2,0
1131.37,19.2,-0.305448
1135.89,19.2,-0.177596
1139.07,19.2,-0
1142.95,19.2,-0.103334
1146.78,19.2,-0
1150.88,19.2,-0.059928
1154.64,19.2,0.098045
1157.98,19.2,-0.363979
1160.65,19.2,-0
1163.08,19.2,0.446106
1165.83,19.2,0.0644265
1169.18,19.2,0
1172.71,19.2,-0.237836
1174.05,19.2,-0
1176.57,19.2,0.240773
1181.89,19.2,-0.0334448
1184.74,19.2,-0
1188.14,18.6,0.497615
1191.41,18.6,-0
1193.16,18.6,-0
1201.71,18.6,0.00868855
1210.37,18.6,-0.690446
1211.97,18.9,-0
1218.09,18.9,-0.0245565
1223.39,18.9,-0.161967
1226.3,18.9,-0.0794782
1228.75,18.9,-0
1235.81,18.9,-0.0436004
1237.93,20.3,-0
1240.47,20,0
1243.57,20,0.124355
1245.54,20,-0
1247.86,20,0
1250.21,20,0
1252.04,20,-0.0190454
1253.52,20,-0
1254.79,20.6,-0
1257.52,20.6,0
1260.03,20.6,0.189199
1262.34,20.6,-0
1264.75,20.6,1.07524
1267.07,20.6,-0
1270.64,20.6,0.0853951
1274.01,20.6,-0
1276.67,20.6,0.630034
1279.8,20.6,0
1281.15,20.3,-0
1281.94,20,-0
1284.3,20,0.149046
1286.31,20,-0
1288.77,19.7,0
1291.11,19.7,-0.244978
1291.7,19.2,-0
1295.64,19.4,-0.0580387
1298.73,18.9,0.016215
1302.37,18.9,-0.102444
1304.77,18.9,-0
1307.04,18.9,-0
1309.24,18.9,-1.07145
1312.1,18.9,0
1313.97,18.9,-0
1315.87,18.9,1.30163
1319.12,18.9,0.0396616
1322.33,19.2,0
1325.25,19.2,-0.927295
1325.83,19.2,-0
1328.09,19.7,0
1331.89,19.7,-0.223192
1334.07,20.3,-0
1336.86,20.3,0
1339.44,20.3,-0
1341.66,20.3,-0
1345.01,20.3,0.225534
1347.44,20.3,-0
1349.93,20.3,-1.344
1351.99,20.3,-0.113151
1356.58,20.3,0.0369482
1358.64,20.3,-0
1363.89,20.3,0.00938937
1366.01,20.3,-0
1370.66,20,0.060048
1374.77,20,-0
1381,20,0.0564107
1385.37,19.4,0.0792383
1391.38,19.4,0.0765373
1401.65,19.4,-0.0145268
1406.61,19.4,-0
1413.24,19.4,0.0739391
1419.32,19.4,0.00943426
1423.2,19.4,-0.0560161
1428.86,19.4,0.351103
1431.41,20,-0
1433.91,20,-1.46014
1435.47,20.3,-0
1438.31,20.8,0
1440.98,20.8,-0.812419
1446.76,20.8,-0.141033
1450.89,20.8,-0
1453.31,20.8,-0.291457
1461.99,21.1,-0.0195611
1466.53,21.9,0.133336
1471.1,21.9,-1.48625
1475.11,21.9,-0.130403
1477.61,21.9,-0
1479.76,21.9,-0.585113
1482.64,21.9,-0.246422
1485.65,21.9,1.36934
1488.47,20.8,-0
1491.11,20.8,-1.13278
1493.94,20.8,0
1496.64,20.8,0.821098
1499.02,20.8,-0
1502.12,20.8,0
1505,20.8,0.893881
1508.52,20.8,0.35299
1511.68,20.8,-0
1515.15,20.8,-0.770015
1517.96,20.8,-0
1520.45,20.8,-0
1523.4,20.8,0.09066
1526.52,20.8,0.674741
1529.43,20.8,-0.679908
1532.82,20.8,0
1536.51,18.6,0.962106
1537.6,18.6,-0
1539.7,18.6,0
1540.76,18.6,-0.174376
1542.95,18.6,0.0480399
1550.48,18.6,-0.00201002
1555.88,18.6,-0.0201993
1559.02,18.6,0.0427294
1561.18,18.6,-0
1563.32,18.6,-0
1566.19,18.6,0.132552
1567.93,18.6,-0
1568.7,18.9,-0
1569.68,18.9,0
1570.6,18.9,-0
1574.09,19.4,0.175008
1577.28,19.4,-0
1580.89,19.4,-0.0374828
1584.73,19.4,0.297064
1585.87,19.2,0.0974348
1589.29,19.7,0
1592.52,19.7,-0.493941
1595.49,19.7,-0
1598.5,19.7,-1.10715
1601.97,19.7,0
1605.57,19.4,0.909754
1609.17,19.4,-0
1610.75,19.4,-0
1613.68,19.2,-0.0398196
1616.83,19.2,0
1619.12,19.2,-0.328919
1622.44,19.2,0
1626.83,19.2,0.150082
1631.74,19.2,-0.100669
1633.23,19.7,-0
1633.72,19.7,-0
1652.48,16.1,0.0406752
1654.32,16.1,0.0198212
1658.87,16.1,0
1668.35,16.1,0.0113345
1672.33,7.2,-0.0257799
1674.73,18.9,0
1675.45,18.9,-0
1679.87,18.9,0.112541
1680.57,18.9,-0
1681.26,18.9,-0
1683.49,18.9,0
1686.95,18.9,0.137652
1689.17,18.9,-0
1691.87,18.9,0
1693.56,18.9,0.0105258
1696.12,18.9,0
1700.27,18.9,0.023407
1704.57,18.9,0
1707.99,18.9,-0.556983
1711.24,18.9,-0
1721.38,18.9,-0.0498436
1730.47,18.9,0.0198976
1736.16,18.9,-0.00155773
1741.93,18.9,-1.24905
1746.12,18.9,0.10331
1747.91,23.1,-0
1751.83,23.1,0.126846
1755.29,23.1,-0
1758.53,23.1,-0.681606
1763.08,23.1,-0.237173
1772.86,23.1,-0.0768986
1775.93,23.1,-0
1777.52,23.1,0.0613262
1778.03,23.6,-0.166477
1779.08,23.3,0
1782.62,23.3,0
1784.29,23.3,0.115228
1785.98,23.3,0
1787.49,23.3,-0
1788.98,23.3,-0.982798
1791.34,23.3,0
1793.42,23.1,0.375641
1795.46,22.8,0.380506
1797.81,22.8,0
1800.57,22.8,0.288428
1802.31,22.8,-0
1803.63,22.8,-0
1805.21,22.8,0.0344712
1805.86,22.8,-0
1808.73,22.8,0
1810.9,22.8,0.0377183
1812.67,22.8,-0
1816.05,22.8,0.00812998
1818.95,22.8,-0.199159
1822.88,22.8,0.199881
1824.23,22.8,-0
1826.87,22.8,0
1829.1,22.8,-0.0975168
1831.68,22.8,0
1835.24,22.8,-0.0266606
1839.11,22.8,-0.792697
1842.57,22.8,-0.39557
1846.84,22.8,-0.0329546
1849.99,22.8,-0.0867382
1856.84,22.8,-0.049722
1864.84,22.8,0.393139
1867.84,22.5,-0
1870.49,22.5,0.739074
1872.68,22.5,-0.25169
1874.63,22.5,-0
1877.77,22.2,-0.0578504
1881.29,22.2,0.614663
1882.92,21.7,-0
1885.65,22.2,0
1890.1,22.2,-0.0157053
1893.43,22.2,-0.10404
1896.73,22.2,-0
1899.8,22.5,-0.870903
1902.71,22.5,1.16231
1906.21,22.5,-0.0609932
1915.71,22.5,0.080566
1919.39,22.8,-0
1921.93,22.8,-0.667162
1924.41,22.8,-0
1927.34,22.8,-0.615773
1930.27,22.8,-0
1933.79,22.8,-0.424392
1937.14,22.8,-1.30977
1940.37,22.8,1.40468
1943.45,22.8,-0
1949,22.8,0.0797594
1958.03,22.8,0.0352943
1963.77,22.2,-0.0677579
1966.33,22.5,-0
1970.33,22.5,0.182012
1973.02,22.2,0.0755141
1974.79,22.8,-0.224148
1977.62,22.8,0
1980.53,22.8,0
1983.43,22.8,-1.48014
1986.87,22.8,0
1990.51,22.8,1.21818
1995.8,22.8,0.211093
2003.92,22.8,0.0389818
2006.89,22.8,0.063906
2009.77,22.8,-0
2011.94,22.8,0.00621148
2014.01,22.8,-0.410127
2017.03,22.8,0.630729
2020.22,22.8,0
2022.33,22.8,-0.576661
2024.53,22.8,-1.49793
2026.7,22.8,-0
2028.93,22.8,1.50126
2031.29,22.8,0
2032.28,22.8,-0
2034.8,21.1,-0.462352
2037.76,21.1,0.12162
2040.71,21.1,-1.54858
2043.54,21.1,-0
2045.74,21.1,-0
2048,21.1,1.50139
2050.09,21.1,-0
2052.48,21.1,0
2054.23,21.1,0.579471
2056.93,21.1,0
2059.25,21.1,-0
2061.72,21.1,0.769006
2063.5,21.1,-0
2065.17,21.1,-0
2067.38,21.1,0.695593
2069.25,21.1,-0
2070.82,21.1,-0
2074.13,21.1,0.426013
2078.61,21.1,-0.316884
2080.3,21.1,-0
2081.68,21.1,-0
2083.48,21.1,0
2084.89,21.1,0.453844
2086.32,21.1,0
2087.91,21.1,0
2089.43,21.1,-1.48922
2090.89,21.1,1.52359
2092.34,21.1,-0
2093.75,20.8,-0
2094.72,20.8,-0
2095.95,20.8,0
2097.24,20.8,-1.43824
2098.43,20.8,-0
2099.94,19.7,1.23728
2101.27,19.7,-0
2102.53,19.7,-0
2103.6,19.7,-0
2104.47,19.7,-0
2105.4,19.7,0
2106.31,19.7,-0
2107.18,19.7,-1.54019
2108.02,19.7,1.55639
2109.18,19.7,0
2110.17,19.7,-0
2111.17,19.7,0
2112.25,19.7,0
2113.29,19.7,-0
2114.38,19.7,1.21781
2115.29,19.7,-0
2116.22,19.7,0
2117.24,19.7,0
2118.29,19.7,0
2119.42,19.7,0
2120.56,19.7,1.56059
2123.12,19.7,0
2124.53,19.7,-0
2125.75,19.7,-0
2127.06,19.7,1.45414
2128.33,19.7,-0
2129.02,19.7,-0
2129.69,19.7,-0
2130.33,19.7,-0
2130.98,19.7,0
2131.9,19.7,0
2132.88,19.7,0
2134.72,19.7,0.105489
2135.96,19.7,-0
2137.23,19.7,0
2138.43,19.7,1.52396
2139.62,19.7,-1.56445
2141.08,19.7,0
2142.81,19.7,0
2144.02,19.7,-0
2145.21,19.7,-0
2147.03,19.7,-1.0122
2148.19,19.7,-0
2150.38,19.7,0
2151.5,19.7,-0
2153.23,19.7,-0.415902
2155.76,19.7,1.31225
2158.1,19.7,-0
2161.35,15.8,-1.25092
2162.7,17.5,-0
2163.66,17.5,-0
2164.59,17.5,-0
2165.74,17.5,0
2166.87,17.5,-1.3734
2167.82,17.5,-0
2168.72,17.5,-0
2169.58,17.5,-0
2170.4,17.5,-0
2171.5,17.5,0
2172.61,17.5,0
2173.78,17.5,1.49283
2174.9,17.5,-0
2176.17,17.5,0
2177.26,17.5,-0
2179.5,17.5,0
2182.11,17.5,1.05351
2183.99,18.1,-0
2185.97,18.1,0
2187.98,18.1,-1.52012
2189.74,18.1,-0
2192.77,18.1,0
2195.22,18.1,0.0282961
2197.34,18.1,-0
2199.2,18.1,-0
2200.66,18.1,-0
2202.33,18.1,-1.26935
2203.91,18.6,-0
2205.29,18.6,-0
2206.6,18.6,-0
2211.48,18.6,0.00603302
2213.55,18.6,-0
2215.86,19.7,0.634023
2217.77,19.7,-0
2219.66,19.7,-0
2221.27,19.7,-0
2222.74,19.7,-1.14981
2224.39,19.7,0
2225.97,19.7,-0
2227.55,19.7,0
2229.32,19.7,-0.81317
2231.3,19.7,0
2236.24,19.7,-0.0738754
2237.57,19.7,-0
2239,19.7,0
2240.57,19.7,0
2242.77,19.7,1.39338
2244.48,19.7,-0
2246.5,19.7,0
2248.17,19.7,1.44771
2250.4,19.7,0
2255.5,19.7,0.201143
2257.61,19.7,-0
2259.35,19.7,-0
2260.79,19.7,-1.0083
2262.68,19.7,0
2266.23,19.7,0.255058
2268.68,19.7,-0
2270.5,19.7,-0
2272.32,19.7,-1.55781
2274.34,19.7,0
2276.16,19.7,-0
2278.23,19.7,0
2283.26,19.7,0.328414
2293.31,21.4,0.631361
2300.78,21.4,0.423079
2308.26,21.4,1.56316
2315,21.4,-1.37946
2320.91,21.4,-1.31604
2325.99,21.4,1.08376
2330.47,21.4,-1.19406
2335.16,21.4,-1.51172
2340.24,21.4,-1.43896
2344.24,21.4,-0
2349.08,21.4,-1.06973
2354.58,21.4,-1.35129
2358.04,21.4,-0
2361.91,21.4,-1.35602
2365.42,21.1,-0
2369.05,21.1,1.38446
2372.78,21.1,-1.52048
2376.1,21.1,-0.69812
2378.16,21.1,-0
2380.23,21.1,0
2382.23,21.1,-0
2384.39,22.8,-1.33953
2386.32,22.8,-0
2388.78,22.8,0.946616
2391.55,22.8,0
2394.53,22.8,-1.28996
2397.1,22.8,-1.4184
2399.44,22.8,1.36022
2401.82,23.1,0
2407.64,22.5,-0.261096
2409.39,22.5,-0
2411.26,22.5,0.765793
2413.19,21.9,0
2415.22,21.9,0
2417.41,21.9,1.45387
2419.55,21.9,-0
2421.92,21.9,0
2424.44,21.9,-1.49078
2426.87,22.5,1.50725
2429.09,22.5,-0
2431.27,22.5,1.47235
2433.14,22.5,-1.40022
2434.93,22.5,-0
2436.75,22.5,0
2439.57,22.5,0
2440.72,22.8,0.526066
2444.42,22.8,0
2446.5,22.2,-0.62416
2448.47,22.2,-0
2450.53,22.2,0
2452.21,22.2,1.34814
2453.78,22.2,-1.35213
2455.34,22.2,-0
2457.28,22.2,0
2459.11,22.2,-0
2466.72,22.5,-0.0169216
2467.99,22.5,0.0869202
2469.24,22.5,-1.44247
2470.26,22.5,-0
2471.28,22.5,0
2472.17,22.5,-0
2473.1,22.5,0
2473.81,22.5,-0
2474.66,22.5,0
2475.58,22.5,1.3816
2476.58,22.5,0
2477.38,22.5,-0
2478.35,22.5,0
2480.07,22.5,0
2481.25,22.5,1.29997
2482.44,22.5,0
2483.79,23.1,0
2486.16,23.1,-0.111128
2486.84,23.1,-0
2489.17,22.5,0
2490.94,22.5,-0
2493.33,22.5,-0.173076
2496.11,22.5,1.2925
2498.03,22.5,0.372398
2499.93,22.5,-0
2500.62,22.5,-0
2502.83,20.6,0
2505.32,20.6,0.266252
2507.9,20.6,0
2509.68,20.6,-0
2511.53,20.6,1.48879
2515.92,20.6,0
2518.93,20.6,0.729694
2522.09,19.4,-0
2525.46,19.4,1.45645
2527.8,19.4,-0
2530.22,19.4,0
2537.08,19.4,-0.143515
2542.87,20,-1.04394
2547.76,20,0.774035
2553.07,20,-1.00104
2556.57,20.8,-0
2558.95,21.7,-0.867112
2560.45,21.7,-0
2561.6,21.7,-0
2562.75,21.7,0
2563.89,21.7,-1.55278
2564.83,21.7,-0
2565.76,21.7,-0
2567.29,21.7,0
2568.5,21.7,-0
2569.44,21.7,1.0142
2570.4,21.7,0
2571.81,21.7,0
2572.79,23.1,-0
2573.78,23.1,1.00406
2575.26,23.1,-0.722678
2575.72,23.1,-0
2576.9,23.1,0
2579.22,23.1,0
2580.47,23.1,-0
2582.2,23.1,0.091487
2583.09,23.1,0.598742
2584.74,23.1,0
2586.41,23.6,0
2588.92,23.3,0
2596.13,23.3,-0.080953
2600.13,23.3,-0
2601.81,23.3,0.0832948
2603.12,23.1,0.966866
2604.69,23.1,0
2606.55,23.1,0
2608.13,23.1,-0
2609.92,23.1,-1.25121
2611.36,23.1,-0
2612.77,23.1,-0
2614.33,23.1,0
2616.6,23.1,0.7472
2617.83,23.1,-0
2618.97,23.1,-0
2620.63,22.8,0
2622.32,22.8,1.51975
2624.31,22.8,0
2626.33,22.8,0
2627.22,22.5,0.406258
2628.13,22.5,0
2629.28,22.5,0
2630.98,22.5,0
2632.11,22.5,-0
2633.13,22.5,0.762144
2634.28,22.5,0
2635.92,22.5,0
2637.7,22.5,1.46357
2639.89,22.5,-0.942464
2641.04,22.5,-0
2644.03,22.5,0
2645.68,22.5,0.249648
2646.82,22.5,-0
2648.88,22.8,0
2650.67,22.8,0.547862
2652.62,22.8,0
2653.9,22.8,-0
2655.6,22.8,0.181649
2657.44,22.8,0
2659.35,22.8,0
2663.63,22.8,0.0353012
2664.91,22.8,-0
2666.1,22.8,-0
2667.45,22.8,0.606988
2668.77,22.8,-0
2670.14,22.8,0
2671.52,22.8,0
2672.97,22.8,-1.34948
2674.33,22.8,-0
2677.81,22.8,-0.296019
2678.81,22.8,-0
2681.1,20.6,1.1468
2683.55,20.6,0
2685.3,20.6,0.86647
2687.15,20.6,0
2689.48,20.6,0
2690.76,20.6,0.647972
2691.9,20.6,-0
2693.07,20.6,0
2694.19,20.6,-0
2695.33,20.6,0
2696.44,20.6,1.53834
2697.44,20.6,-0
2698.5,20.6,0
2699.51,20.6,-1.525
2700.47,20.6,-0
2702.25,20.6,0
2705.48,20.6,0
2707.01,20.6,-0.307109
2708.64,20.6,0
2709.96,20.6,-0
2710.74,20.6,-0
2711.57,21.9,0
2712.51,21.9,0
2713.51,21.9,0
2714.36,21.9,1.17102
2715.16,21.9,-0
2716.1,21.9,1.47692
2717.2,21.9,0
2718.28,21.9,-0
2719.34,21.9,-0
2720.66,21.9,-0.626744
2721.91,21.9,-0
2723.4,21.9,0
2725.15,21.9,0
2727.63,21.9,-0.775875
2732.68,23.6,-0.185813
2734.78,23.6,-0
2736.27,23.6,-0
2737.23,23.6,-0.295123
2737.39,23.6,-0
2738.88,23.6,0
2740.01,23.6,-0
2741.09,23.6,-0
2743.39,23.6,-0.264222
2746.24,23.6,1.18865
2747.8,23.6,0.447734
2748.8,23.6,-0
2750.72,23.6,0
2752.22,23.6,-0
2753.27,23.6,0.197396
2754.5,23.6,0
2755.84,23.6,0
2757.67,23.6,0
2760.23,23.6,-0.0525827
2761.5,23.6,-0
2763.08,23.6,0
2764.44,23.6,1.29098
2766.9,23.6,0
2768.11,23.1,-0
2769.62,23.1,-1.19129
2771.68,23.1,0
2774.83,23.1,0.956467
2778.29,23.1,0
2780.99,23.1,-0.102497
2786.84,23.1,-0.0137922
2789.48,23.1,-0
2792.63,23.1,-0.160987
2796.5,23.3,0.13944
2798.91,23.3,0.545655
2800.23,23.3,-0
2801.5,23.3,-0
2802.38,23.3,-0.917949
2803.26,23.3,0
2805.83,23.3,0
2807.64,23.3,-0.284225
2809.23,23.3,-0
2810.18,23.3,-0
2811.83,23.3,0
2813.47,23.3,-0.982798
2814.34,23.3,-0
2815.25,23.3,0
2816.1,23.3,-0
2817,23.3,0
2818.99,23.3,0.0673581
2823.67,23.3,-0.116741
2825.48,23.9,-0
2827.38,23.9,0
2829.22,23.9,1.457
2830.97,23.9,-0
2832.78,23.9,0
2834.93,23.9,-1.29895
2836.84,23.9,-1.4357
2838.69,23.9,-0
2840.38,23.9,-0
2843.06,23.9,-0.606429
2846.18,23.9,1.16155
2849.44,23.9,-1.30529
2855.05,23.9,-0.0320176
2860.81,23.9,0.893411
2863.92,23.9,0.206464
2865.77,23.9,-0
2866.74,23.9,-0.170575
2871.51,23.9,-0.124897
2874.28,23.9,0.237597
2876.04,23.9,-0
2877.54,23.9,-0.0483499
2881.5,23.9,0
2884.47,23.9,-0.870137
2887.04,23.9,-0
2888.98,23.9,-0
2891.34,22.8,0.989056
2893.9,22.8,0
2896.1,22.8,-0
2897.66,22.8,-1.21839
2899.3,22.8,0
2900.97,22.8,-1.54303
2902.68,22.8,0
2904.39,22.8,1.56145
2906.39,22.8,0
2907.92,22.8,-0
2909.59,22.8,0
2911.16,22.8,-1.47154
2912.85,22.8,-1.44697
2914.4,22.8,-0
2916.1,22.8,1.34498
2917.8,22.8,0
2919.5,22.8,-0
2921.07,22.8,0.262999
2922.78,22.8,0
2924.17,22.8,-0
2925.74,22.8,0
2927.33,22.8,1.50496
2928.83,22.8,-0
2930.16,22.8,-0
2931.45,22.8,-0
2933.4,22.8,0.295172
2935.32,22.8,-0
2937.11,22.8,-0
2938.99,22.8,1.45736
2946.93,22.8,-0.0173393
2948.75,22.8,-0
2950.57,22.8,1.54449
2952.27,22.8,-0
2954.1,22.8,0
2955.99,22.8,0.321746
2957.82,22.8,-0
2959.71,22.8,0
2961.62,22.8,0
2963.5,22.8,-0
2965.14,22.8,-0
2967.02,22.8,0.912908
2968.81,22.8,-0
2970.74,22.8,0
2985.3,22.8,0.0531672
2986.9,22.8,-0
2988.58,22.8,1.36177
2990.09,22.8,0.710536
2991.66,22.8,0
2993.2,22.8,-0
2994.87,22.8,1.2925
2996.43,22.8,1.40797
2998.14,22.8,0
3001.18,22.8,0.602429
3003,22.8,-0
3004.87,22.8,-1.15629
3006.82,22.8,0
3008.77,22.8,0
3010.63,22.8,-1.26945
3012.42,22.8,-0
3014.32,22.8,0
3015.82,22.8,-0.827478
3017.51,22.5,0
3019.59,22.5,0
3022.26,22.5,-1.0047
3024.74,22.5,-0
3026.78,22.5,-0
3028.51,22.5,-0.819867
3030.5,22.5,0
3032.42,22.5,-0
3034.45,22.5,1.09934
3036.41,22.5,-0
3038.4,22.5,-1.0839
3040.41,22.5,0
3042.92,22.5,0
3045.44,22.5,1.40565
3051.1,22.5,0.111278
3053.12,22.5,-0
3055.29,22.5,0.438337
3057.81,23.1,0
3060.37,23.1,0.260599
3062.65,23.1,-0
3065.07,23.1,0
3073.31,23.1,-0.0447462
3075.28,23.1,-0
3077.11,23.1,-1.13417
3079.08,23.1,0
3080.96,23.1,-0
3082.6,23.1,-0.380508
3084.33,23.1,0
3086.01,23.1,-0
3087.68,23.1,-1.54449
3089.36,23.1,-1.47113
3091.16,23.1,0
3092.92,23.1,-1.46945
3094.88,23.1,0
3096.98,23.1,0
3098.8,23.1,-0
3100.82,23.1,-0.540421
3102.82,23.1,-0
3104.79,23.1,-0
3107.02,23.1,1.19258
3109.17,23.1,1.37737
3111.47,23.1,0
3113.44,23.1,-0
3115.3,23.1,-1.4022
3117.57,23.1,-0.994421
3119.85,23.1,0
3122.09,23.1,-0.737815
3124.66,23.1,0
3126.88,23.1,-0.752732
3130.76,24.2,-0.230431
3135.12,25,-0.423129
3140.84,25,-0.0869892
3145.78,25,0.320219
3147.98,25.3,-0
3150.28,25.3,1.43575
3152.61,25.3,0
3155.07,25.3,0
3157.35,25.3,1.32165
3159.15,25.3,-1.13479
3160.88,25.3,-0
3163.21,25.3,-1.07345
3165.12,25.3,-0
3167.6,25.3,1.08122
3169.7,24.4,-0.298499
3172.03,24.4,0
3174.19,24.4,1.30055
3176,24.2,-0
3180.42,23.9,-0.243838
3186.31,23.9,-0.0255633
3188.41,23.9,-0
3190.42,23.9,-1.50107
3192.44,23.9,0
3194.6,23.9,0
3197.05,24.4,1.11181
3199.67,24.4,-1.31019
3203.31,24.4,0.646706
3209.11,25.3,-0.649827
3213.11,25.3,-0.611312
3215.29,25.3,0.694095
3217.42,25.3,-1.53378
3219.43,25,-0
3221.5,25,0
3223.38,25,1.48507
3224.06,25.3,-0
3225.53,25.3,0
3227.91,25.3,0.545541
3230.13,25.3,-0
3232.03,25.3,-0
3233.35,25.6,-0.340776
3234.64,25.6,-0
3236.03,25.6,0
3236.46,25.6,-0
3238.98,26.1,0.627817
3244.38,26.1,-0.287559
3246.65,26.1,-0
3248.58,25.8,0.984409
3250.55,25.8,1.38717
3252.49,25.8,1.53134
3254.35,25.8,-0
3256.16,25.8,-0
3258.98,25.8,-0.568673
3262.98,25.8,-0.381076
3267.05,25.8,-1.40565
3269.02,25.8,-0
3271,25.8,0
3273.02,25.8,1.50032
3275.24,25.6,0
3277.42,25.6,1.42077
3279.48,25.6,-0
3281.36,25.6,-0
3283.4,25.6,-1.06121
3285.38,25.6,-0
3287.32,25.6,1.48129
3289.18,25.6,-1.5143
3291.04,25.6,0
3292.99,25.6,-1.3896
3294.88,25.6,-0
3296.77,25.6,1.56422
3298.41,25.6,-0
3299.97,25.6,-0
3301.37,25.6,-1.38464
3303.69,24.2,-0.677708
3305.93,24.2,-0
3308.46,23.6,0
3311.01,23.6,1.52671
3313.75,23.6,0
3316.77,23.6,-1.0139
3320.67,23.9,0.534825
3327.08,23.9,0.298846
3331.17,23.9,0.125688
3337.36,23.9,0.319344
3342.35,23.9,0.530036
3344.75,23.9,0.204232
3346.96,23.9,-0
3349.07,23.9,-1.30947
3350.85,23.9,-0
3352.4,23.9,1.03198
3353.92,23.9,-0
3355.56,23.9,0
3357.14,23.9,-1.46238
3358.45,23.9,0.982793
3359.66,23.9,-0
3360.86,23.9,-0
3362.12,23.9,0
3363.23,24.2,-0
3364.45,24.2,-1.43789
3365.7,24.2,0
3367.02,24.2,0
3368.43,24.2,0
3369.88,24.2,1.35213
3371.09,24.2,-0
3372.15,24.7,-0
3373.92,24.7,0
3375.88,24.7,0.262994
3377.83,24.7,-0
3379.72,24.7,-1.32582
3381.78,24.7,0
3383.79,24.7,-0
3385.83,24.7,1.3734
3388.45,24.7,0
3390.85,25,0.743756
3393.42,25,0
3399.9,25,0.0102246
3402.37,24.7,-0.0870807
3404.95,24.7,0
3406.81,24.7,-0.490548
3408.39,24.7,-0
3410.23,24.7,-1.32196
3411.97,24.7,0.968506
3413.88,24.7,0
3416.01,24.7,0
3418.35,24.7,0.871392
3420.72,24.7,0
3424.47,24.7,-0.225737
3426.84,25,0.0938416
3427.94,25,-0
3428.99,25,-0
3430.08,25,0
3431.42,25,0.307397
3432.94,25,0
3434.32,25,-0
3435.52,25,-0
3436.71,25,1.52638
3437.93,25,0
3438.83,25,-0
3440.79,23.9,0
3442.53,23.9,1.41837
3444.62,23.9,0
3447,23.9,0
3449.47,23.9,1.31515
3451.51,23.9,-0
3453.69,23.9,1.25214
3455.8,23.9,-0
3457.08,23.3,0.320307
3458.73,23.3,0.639935
3460.43,23.3,0
3462.23,23.3,0
3464.01,23.3,-1.51982
3465.81,23.3,0
3467.52,23.3,-0
3469.1,23.3,-0
3470.63,23.3,-1.49949
3472.21,23.3,0
3473.77,23.3,-0
3475.47,23.3,0.544864
3477.21,23.3,0
3479.16,23.3,0
3481.53,23.3,-0.67725
3484.02,23.3,0
3486.82,23.3,0.469428
3489.45,23.3,-0
3494.51,20.3,0.215284
3497.83,20.3,0.153944
3501.41,20.3,0
3512.09,20.3,-0.0770378
3519.14,20.3,-0.415693
3523.53,20.3,0.331717
3529.37,20.3,-0.359884
3531.63,21.7,-0
3534.02,21.7,0
3536.41,21.7,1.56795
3538.84,21.7,0
3541.02,21.7,1.43175
3544.16,21.1,0
3546.78,21.7,-0.412409
3549.18,21.7,-0
3551.62,21.7,0
3554.48,21.7,0.593003
3557.6,21.4,-1.43051
3560.51,21.4,-1.44677
3564.49,21.1,1.00987
3568.22,21.1,-0
3571.9,21.1,-1.5022
3575.37,21.1,-0
3578.25,21.1,-0.520015
3580.93,21.1,-0
3583.24,21.1,1.49596
3585.81,19.7,0
3588.42,19.7,0
3590.79,20.8,0.179851
3593.05,20.8,-0
3595.51,20.8,0.513608
3598.04,20.8,1.50816
3600.51,20.8,-0
3603.27,20.8,1.06897
3605.79,20.8,-0
3608.51,20.8,0.830822
3611.23,20.8,0
3613.32,21.4,-0
3615.5,21.4,0
3619.29,21.4,0.284796
3625.63,21.4,-0.526244
3628.79,21.4,0.165149
3631.75,21.4,-0
3633.98,21.4,-0
3635.64,21.4,0.614019
3637.04,21.4,-0
3638.27,21.4,-1.38061
3639.5,21.4,-0
3640.81,21.4,0
3642.14,21.4,-1.56232
3643.53,21.4,0
3644.89,21.4,-0
3646.28,21.4,1.50294
3648.21,18.6,0
3649.9,18.6,-0
3651.51,18.6,-0
3653.22,18.6,-1.48688
3655.73,18.6,0.528491
3658.24,18.6,0
3661.51,14.2,-1.27934
3664.7,14.2,-0
3668.17,14.2,0
3676.38,14.2,0.168043
3679.94,14.4,-0.00462988
3682.54,14.4,-0
3684.93,14.4,1.40196
3687.26,14.4,-0
3689.43,14.4,-1.31098
3691.78,14.4,0
3693.99,14.4,-0
3696.26,14.4,0
3701,5.8,-1.24515
3706.66,5.8,0
3712.75,5.8,-1.42005
3719.52,5.8,0
3727.36,5.8,1.05363
3733.15,5.8,-0
3737.68,5.8,-0
3742.53,5.8,0
3749.94,5.8,-0.5031
3755.45,7.2,-0
3760.56,7.2,-1.13939
3765.31,7.2,-0
3770.79,7.2,-0.775876
3775.68,12.2,0
3778.46,12.2,-0
3781.61,12.2,1.1553
3784.55,12.2,-0
3787.05,12.2,-0
3790.36,14.4,0.110019
3792.06,15,-0
3793.76,15,-0
3795.63,15,0
3796.84,17.8,-0
3798.29,17.8,0.66691
3799.74,18.1,0
3801.38,18.1,0
3802.98,18.1,-1.47804
3804.66,18.1,0
3806.6,18.1,1.42395
3808.41,17.5,-0
3810.58,17.5,0
3813,17.5,1.31287
3815.75,17.5,0
3818.14,17.5,-1.42191
3820.69,17.5,0
3834.41,17.5,0.153686
3837.08,17.5,0.0475339
3839.48,17.5,-0
3841.76,17.5,-0
3844,17.5,1.56147
3846.04,17.5,-0
3847.85,17.5,-0
3849.36,23.1,-1.44644
3850.92,23.1,-1.40565
3852.56,23.1,0
3854.65,23.1,0
3856.18,23.1,-1.03427
3858.5,23.1,0
3860.44,23.1,-0
3861.93,23.1,0.859498
3867.15,23.1,0.0544702
3868.66,23.1,-0
3870.56,23.1,0
3872.72,23.1,-0.23022
3875.13,23.1,0
3877.07,23.1,0.718191
3878.5,23.1,-0.359707
3879.86,23.1,-0
3881.07,23.1,-0
3882.77,23.1,0
3884.11,23.1,0.328792
3885.14,23.1,-0
3886.28,24.4,0
3887.35,24.4,-0
3888.54,24.4,0
3889.66,24.4,1.33824
3890.78,24.4,0
3891.81,24.4,-0
3893.39,24.4,0
3894.92,24.4,-0
3896.51,24.4,1.52159
3901.97,23.9,-0.0938158
3905.07,23.9,-0.0195706
3906.64,23.9,-0
3907.91,23.9,-0
3908.95,23.9,-0
3910.13,23.9,0
3911.22,23.9,1.37185
3912.32,23.9,1.42042
3913.45,23.9,0
3914.71,23.9,0
3915.88,23.9,-0
3916.91,23.9,-0
3917.98,23.9,1.53557
3918.91,23.9,-0
3920.03,23.9,0
3921.08,23.9,-0
3922.13,23.9,-0
3923.16,23.9,1.55716
3924.2,23.3,-0
3925.31,23.3,0
3926.48,23.3,0
3927.91,23.3,0
3929.09,23.3,0.881398
3930.39,23.3,0
3932.07,23.3,0
3933.05,23.3,-0
3934.66,23.9,0.294413
3937.17,23.9,0.201865
3939.23,23.9,-0
3942.26,24.4,0.0362742
3945.85,24.4,0.130638
3949.52,24.4,-0.117098
3953.8,24.4,0.337559
3956.41,24.4,-0.0197016
3958.41,24.4,0.00657725
3961.3,24.4,0
3965.94,24.4,0.134074
3986.84,24.4,0.0073028
3992.85,24.4,-0.00494778
4009.5,24.4,0.0326681
4018.41,24.4,-0.0258927
4022.05,24.4,0.0302702
4025.29,24.4,0.327925
4028.03,24.2,-0.704277
4032.57,24.2,-0.0504162
4034.66,24.2,-0
4037.52,24.2,0.234941
4040.75,24.2,-0.0114944
4043.71,24.2,-0.288591
4045.41,24.2,-0
4047.38,24.4,0.435083
4048.86,24.4,-0
4051.25,24.4,-0.0180158
4052.71,24.4,-0
4055.53,24.4,0.0059874
4057.66,24.4,-0.192841
4060.09,24.4,0
4061.64,24.4,-0
4065.26,24.2,-0.287917
4068.82,24.2,-1.46958
4073.84,24.2,0.510488
4080.65,23.9,0.414427
4093.58,23.9,-0.111708
4098.28,23.9,-0.0452618
4104.16,23.9,0.173245
4108.55,23.9,-0
4114.28,23.9,0.177136
4117.48,23.9,-0.294326
4121.06,23.3,-1.23483
4123.36,23.3,-0
4126.21,23.3,0
4129.12,23.3,1.52117
4131.42,23.3,-0
4133.08,23.3,-0
4134.98,23.3,-1.44226
4137.23,23.3,1.29766
4139.37,23.6,-0
4141.81,23.6,0
4144.31,23.6,-1.49556
4147.22,23.6,0
4150.75,23.9,0.207176
4153.87,23.9,-0.0199955
4156.86,23.9,0.20401
4159.43,23.9,-0
4162.45,23.9,0.414813
4165.34,23.9,-0
4168.75,23.9,0.294463
4174.07,23.9,-0.00653559
4178.77,23.9,-0.542364
4185.37,23.9,-0.0849484
4191.86,23.9,-0.369337
4195.66,23.3,-0.208716
4203.09,23.3,-0.00236141
4205.99,23.3,-0.0350237
4208.07,23.3,-0
4210.32,23.3,0.872137
4212.46,23.3,-1.06871
4214.55,23.3,-0
4216.89,23.3,0.421416
4219.72,23.3,0
4222.28,23.3,0.892897
4225.36,23.3,0.640875
4231.25,23.1,-0.212167
4236.31,23.1,-0.793272
4242.11,23.3,0.463646
4247.38,23.6,-0
4250.25,24.2,-0.0181798
4252.98,24.2,-0
4255.47,24.2,-1.0153
4261.17,24.2,-0.0103622
4263.42,24.2,-0
4265.52,24.2,0.860257
4267.78,24.2,0.9986
4269.78,24.2,-0
4271.89,24.2,1.24905
4274.04,24.2,0
4275.97,24.2,-0
4278.02,24.2,-0.819867
4280.12,24.2,0
4281.98,24.2,-0
4283.94,24.2,-0.386887
4286.06,24.2,1.2723
4288.03,24.2,-0
4289.99,24.2,1.46772
4291.84,24.2,-0
4293.48,24.2,-0.267915
4295.2,24.2,0
4296.98,23.9,0
4298.74,23.9,1.49201
4300.73,23.9,1.05635
4302.69,23.9,-0
4304.5,23.9,-0
4306.38,23.9,1.23685
4309.85,23.9,0
4314.03,23.9,-0.215535
4318.73,23.9,0.267618
4321.59,23.9,-0
4328.66,23.9,0.0208922
4337.01,23.9,0.525187
4339.34,23.9,0.0243684
4341.04,23.9,-0
4344.99,23.9,0.139823
4347.65,23.9,0.18764
4350.96,23.9,0.521835
4353.85,23.9,-0
4356.56,23.9,-0.308045
4359.3,23.9,0
4361.96,23.9,-1.49475
4366.12,23.9,-0.366423
4368.76,23.9,-0
4371.29,23.9,-1.40797
4373.44,23.9,-0
4376.97,23.9,0
4380.98,23.9,-0.420662
4383.42,23.6,-0
4385.93,23.6,-1.50261
4390.13,23.6,0.625668
4391.8,23.6,0.0602292
4398,23.6,0.224407
4399.87,23.6,-0
4401.77,23.6,0
4404.14,23.6,-0.679006
4406.36,23.6,-1.14517
4409.45,23.6,-0.279606
4411.43,23.6,-0
4413.34,23.6,-0
4415.9,23.6,0.502088
4418.28,23.6,-0.918625
4420.46,23.6,-0
4422.43,23.6,-0.815094
4423.99,23.6,-0
4425.52,22.5,1.44284
4427.92,22.5,0
4430.12,22.5,-1.33233
4430.79,22.2,-0
4435.65,21.9,0.0458696
4439.96,21.9,-0
4441.8,23.1,-0
4443.61,23.1,-1.38863
4445.57,23.1,0
4447.5,23.1,-0
4449.56,23.1,0
4451.49,23.1,-1.1659
4453.52,23.3,0
4454.28,23.3,-0
4456.06,23.3,0
4457.95,23.3,0.976584
4459.47,23.3,-0.356221
4461.37,23.3,0
4463.29,23.3,0
4464.95,23.3,0.0161335
4466.55,23.3,-0
4467.96,23.6,-0
4469.31,23.6,-1.44403
4470.93,23.6,0
4472.79,23.6,0
4474.34,23.6,-0
4475.76,23.6,0.670519
4476.89,23.6,-0
4478.7,23.9,0
4480.38,23.9,-1.08632
4482.63,23.9,0
4484.87,23.9,-0
4487.6,23.9,0.259004
4490.02,23.9,-0
4492.4,23.9,0.558599
4494.61,23.9,-0
4496.17,23.9,-0.142813
4497.84,23.9,0
4499.5,23.9,0
4501.11,23.9,-1.1466
4503.22,23.9,0
4504.82,23.9,-0
4506.21,23.9,-1.06636
4507.61,24.4,0
4509.38,24.4,0
4511.3,24.4,1.18075
4513.37,24.4,0
4515.3,24.4,1.27468
4517.16,24.4,0.412417
4519.24,24.4,0
4521.4,24.4,0
4523.68,24.4,1.42587
4525.95,24.4,-0
4528.42,24.4,1.40227
4530.42,24.4,1.27861
4532.83,24.4,-0.168385
4535.43,24.4,0
4538.17,24.4,0
4541.1,24.4,0.54042
4544.52,23.9,0
4547.66,23.9,-0.913266
4550.85,23.9,-1.43727
4556.12,23.9,0.117691
4560.14,23.9,0.00671172
4562.9,23.9,-0
4565.77,23.9,0.785396
4568.32,23.9,-0
4571.93,22.5,0.447521
4575.5,22.5,1.30163
4579.05,22.5,-0
4581.78,22.5,-0.423757
4584.57,22.5,0
4588.42,22.5,0.186106
4591.97,22.5,-0.276331
4596.32,22.5,0.313347
4599.24,22.5,-0.062614
4601.19,22.5,-0
4603.45,22.5,0
4605.8,22.5,0.712364
4608.33,22.5,0
4610.79,22.5,-1.27535
4613.76,22.5,0
4616.39,22.5,-0.329629
4619.38,22.5,0
4621.82,22.5,-0.0161237
4624.59,22.5,0.116358
4627.94,22.5,0
4636.4,22.2,0.0443365
4637.69,22.8,-0.0163815
4640.88,21.7,0.193055
4644.47,21.7,1.26999
4647.01,21.7,-0
4648.58,21.7,0.755995
4649.94,21.7,-0
4651.52,21.7,0.989142
4653.32,21.7,0
4655.48,21.7,0
4657.61,21.7,-1.26275
4660.88,19.7,0
4664.11,19.7,-1.3816
4669.06,19.7,0
4674.07,19.7,1.14103
4676.86,19.2,-0
4679.05,19.2,-0.510751
4681.4,19.2,0
4683.43,19.2,-0
4685.58,19.2,0.546797
4695.3,8.9,0
4699.03,8.9,-0.0207122
4701.54,8.9,-0
4704.02,8.9,-0
4706.13,8.9,-0
4708.52,8.9,0.822427
4711.18,8.9,0
4713.11,8.9,-0
4715.05,8.9,0
4716.94,8.9,-0
4718.13,8.9,-0
4720.86,8.9,0
4723.72,8.9,-0.463672
4726.51,8.9,-0
4729.51,8.9,0
4735.89,8.9,0.197396
4738.73,8.9,-0.0760443
4740.63,8.9,-0
4742.68,8.9,0
4750.26,4.7,0
4765.98,4.7,0.141897
4767.24,4.7,-0
4768.24,4.7,-0
4769.09,4.7,-0
4772.19,3.6,-0
4773.76,3.6,0
4775.49,3.6,0
4777.58,3.6,0
4779.48,3.6,-0
4799.75,3.6,0
4810.79,3.6,-0.0809045
4822.93,13.6,0.0647093
4833.99,5,-0
4845.63,5,0.343024
4855.35,4.7,-0
4859.46,2.2,-0
4861.98,2.2,-0
4865.02,2.2,0
4867.97,2.2,-0
4873.18,2.2,0
4873.85,8.6,-0
4875.06,8.6,-0.165153
4875.61,10,-0
4877.03,10,0
4878.45,10,-0
4879.82,10,-0
4880.32,10,-0
4880.97,10.6,0
4881.5,10.6,-0
4885.43,11.4,0
4893.43,11.4,0.094142
4939.6,6.4,0.0622051
4941.17,13.9,-0
4942.65,13.9,-0
4944.4,13.9,0
4966.75,13.9,0.0412209
4990.25,13.9,0.545003
5035.93,13.9,0.0983825
5039.57,13.9,-0.0116474
5041.11,13.9,-0
5043.25,13.9,0
5066.82,13.9,0.0483168
5090.4,13.9,-1.56422
5094.05,13.9,-0.0162675
5098.35,13.9,0
5104.13,13.9,0.471384
5113.27,13.9,0.147001
5127.82,13.9,0.0173084
5131.32,13.9,-0.0514537
5134.34,13.9,0.340095
5140.64,13.9,0.206717
5144.51,12.8,-0
5154.69,12.8,0.080471
5165.25,10.3,-0.507099
5204.29,10.3,0.0709193
5217.59,9.7,-0.0483327
5220.89,9.7,-0
5224.33,9.7,0
5227.26,9.7,-1.1112
5261.28,9.7,0.0482748
5269.82,9.4,-0.0187976
5277.35,9.4,-0.471948
5282.66,9.4,-0
5286.12,9.4,-0
5288.85,9.4,-1.04016
5291.13,9.4,-0.51915
5293.96,9.4,0
5307.76,9.4,0.110657
5311.13,9.4,0.00710598
5313.67,9.4,-0
5316.18,9.4,-0
5319.01,9.4,0
5354.45,9.4,0.0563971
5357.41,9.4,-0
5360.26,9.4,-0
5363.24,9.4,1.44109
5366.34,9.4,1.19647
5369.3,9.4,-0
5374.99,9.4,0
5378.09,9.4,-0
5380.08,9.4,-0
5383.86,9.4,0.590709
5405.71,9.4,0.0603375
5430.65,9.4,0.374017
5434.08,9.4,-0.0526087
5436.66,9.4,-0
5439.23,9.4,0
5441.57,9.4,-0
5444.73,9.4,0
5455.47,9.4,0.0920482
5458.2,9.4,-0.156125
5460.75,9.4,-0
5464.37,9.4,0.0798348
5467.31,9.4,-0
5470,9.4,-0
5473.81,9.4,0
5477.68,9.4,1.51606
5486.85,9.4,0
5490.11,9.4,-0.135128
5493.77,9.4,0.453344
5497.86,9.4,0
5514.65,9.4,0.0889321
5523.35,9.4,-0
5535.28,9.4,0.459705
5538.6,9.4,-0
5540.79,9.4,-0
5542.78,9.4,-0
5544.72,9.4,-1.50678
5546.6,9.4,-0
5549.07,9.4,0
5554.67,9.4,0
5564.89,9.4,0.290621
5566.16,11.1,0.0448193
5570.93,13.3,0.210542
5575.02,13.3,-0
5576.79,13.3,-0
5577.19,13.3,-0
5601.29,13.3,0.0644269
5602.85,13.3,-0
5604.64,13.3,0
5605.45,13.3,-0
5606.23,13.3,-0
5607.1,13.3,0
5608.5,13.3,0
5609.85,13.3,-1.43527
5611.19,13.3,0
5615.2,13.3,0
5622.81,13.3,0.135715
5623.74,13.3,-0
5625.05,13.3,0
5626.36,13.3,0
5627.91,13.3,0
5629.65,13.3,1.3903
5639.27,13.3,-0.145491
5640.51,13.3,-0.0927555
5641.51,13.3,-0
5642.43,13.3,-0
5643.67,13.3,0
5645.03,13.3,0
5646.4,13.3,1.51956
5647.97,13.3,0
5662.82,13.3,0.0541841
5665.27,13.3,-0.0743184
5667.02,13.3,-0
5669.14,13.3,0
5671.95,13.3,-0.372985
5693.2,13.3,0.0390203
5694.72,13.3,-0
5696.24,13.3,0
5697.53,13.3,-0
5703.96,13.3,0.266987
5708.44,13.3,0.529033
5710.22,13.3,-0
5711.5,13.3,-0.961469
5713.15,13.3,0
5722.69,13.3,0.0672617
5724.1,13.3,-0
5725.3,13.3,-1.37071
5726.78,13.3,0
5735.77,13.3,-0.0239239
5737.34,13.3,-0
5739,13.3,0
5740.45,13.3,-0
5742.24,13.3,0
5764.98,13.3,0.0586091
5766.66,13.3,-0
5767.95,13.3,-0
5769.5,13.3,0
5770.87,13.3,-0
5772.44,13.3,1.46014
5774.91,13.3,-0.433454
5783.24,13.3,0
5790.41,13.3,-0.135526
5791.62,13.3,-0
5792.58,13.3,-0
5793.3,13.3,-0
5794.03,13.3,0
5794.93,13.3,1.47113
5795.83,13.3,-0
5796.74,13.3,0
5797.99,13.3,0
5805.59,13.3,-0.0755066
5807.11,13.3,-0
5808.19,13.3,-0
5809.65,13.3,0
5810.94,13.3,-0
5812.69,13.3,0
5816.6,13.3,0.680223
5818.53,13.3,-0
5820.49,13.3,0
5822.35,13.3,-0
5824.17,13.3,1.54073
5832.28,13.3,0
5834.91,13.3,-0.260008
5844.44,13.3,-0.0778483
5850.53,13.3,-0
5855.79,13.3,-1.19701
5864.45,13.3,-0.490646
5867.06,13.3,-0.217355
5869.67,13.3,0
5877.54,13.3,-0.227426
5879.14,13.3,-0.149769
5881,13.3,0
5882.85,13.3,-0
5884.8,13.3,0
5893.99,13.3,0.0124599
5895.74,13.3,-0
5897.24,13.3,-0
5898.89,13.3,-0.148914
5903.44,13.3,0.490228
5905.35,13.3,-0
5906.66,13.3,-0
5907.66,13.3,-0
5908.82,13.3,0
5910.67,13.3,0.0759354
5913.1,13.3,0
5928.54,13.3,0.130022
5935.8,13.3,-0
5938.89,13.3,-0.184914
5941.8,13.3,-0
5946.61,13.3,0
5951.52,13.3,-1.45807
5953.51,13.3,-0
5956.22,13.3,0
5958.14,13.3,-0.981324
5958.77,13.3,-0
5959.86,13.3,0
5960.37,13.3,-0
5963.9,12.2,0
5964.72,12.8,-0
5967.39,12.8,0
5969.81,12.8,-1.22483
5970.91,12.8,-0
5971.88,12.8,-0
5973.2,12.8,0
5974.73,12.8,0
5976.18,12.8,-0
5980.53,12.8,0.453897
5989.5,12.8,0.136435
5992.89,12.8,-0
5994.69,12.8,-0
5996.06,12.8,-0
5996.75,12.8,-0
5997.54,12.8,0
5998.54,12.8,0
6002.9,12.8,0.0790893
6005.46,12.8,-0
6006.22,12.8,-0.944622
6006.94,12.8,-0
6007.67,12.8,0
6008.49,12.8,0
6009.26,12.8,-0
6009.81,12.8,-0
6010.55,12.8,-1.49234
6011.43,12.8,0
6013.19,12.8,0
6021.64,12.8,0.149748
6024.17,12.8,-0
6025,12.8,-0
6026.27,12.8,0
6027.85,12.8,0
6030.25,12.8,0
6032.16,12.8,-0
6039.45,12.8,0
6040.22,12.8,-0
6041.73,12.8,0.296269
6042.81,12.8,-0
6044.37,12.8,0
6046.48,12.8,1.12066
6051.41,12.8,0
6053.52,12.8,-0
6054.79,12.8,-0
6055.51,12.8,0.601067
6056.26,12.8,0
6057.08,12.8,0
6058.26,12.8,0
6060.62,12.8,0
6063.95,12.8,0
6065.95,12.8,-0.55491
6068.59,12.8,0
6070.11,12.8,-0
6071.66,12.8,0
6072.47,12.8,-0
6073.51,12.8,0
6075.69,12.8,0
6078.92,12.8,-0.285239
6080.9,12.8,-0
6081.56,12.8,-0
6082.57,12.8,0
6085.16,12.8,0.816866
6089.93,12.8,0.43467
6091.36,12.8,-0
6094.01,12.8,0
6094.94,12.8,-0
6097.21,12.8,0
6099.49,12.8,1.55216
6100.34,12.8,-0
6101.36,12.8,0
6102.44,12.8,0
6112.98,12.8,-0.181454
6114.06,12.8,-0
6114.83,12.8,-0
6115.76,12.8,0
6116.22,12.8,-0
6116.81,12.8,0
6121.66,12.8,0.0275665
6122.34,12.8,-0
6124.96,12.8,0.515651
6127.03,12.8,-0
6130.18,12.8,0
6130.66,12.8,-0
6131.44,12.8,0
6132.17,12.8,-0
6133.74,12.8,0
6134.3,12.8,-0
6137.41,12.8,0.586583
6147.93,12.8,0.159149
6158.6,12.8,-0.540402
6160.72,12.8,-0
6161.96,12.8,-0
6163.2,12.8,0
6164.22,12.8,-0
6165.39,12.8,-1.3734
6166.72,12.8,0
6167.89,12.8,-0
6168.9,12.8,-0
6170.08,12.8,0
6171.59,12.8,0
6173.34,12.8,0
6174.81,12.8,-0
6176.05,12.8,-0
6179.55,12.8,0.0278648
6181.4,12.8,-0
6182.29,12.8,-0
6183.14,12.8,-1.54173
6183.82,12.8,-0
6184.34,12.8,-0
6185.33,12.8,0
6186.35,12.8,0
6190.01,12.8,0
6201.17,12.8,0.0605944
6205.33,12.8,-0
6206.65,12.8,-0
6207.43,12.8,-0
6208.19,12.8,-1.5527
6208.98,12.8,-1.5153
6210.21,12.8,0
6211.87,12.8,0
6218.45,12.8,0.13099
6219.72,12.8,-0
6220.35,12.8,-0
6221.25,12.8,0
6221.88,12.8,-0
6222.57,12.8,0
6223.5,12.8,0
6224.42,12.8,-0
6225.42,12.8,0
6228.58,12.8,-0.292119
6233.84,12.8,0
6237.04,12.8,-0
6240.37,12.8,1.42372
6242.9,12.8,-0
6244.22,12.8,-0
6245.32,12.8,-0
6251.71,12.8,0.253315
6253.4,12.8,-0
6255.2,12.8,0
6257.06,12.8,0
6259.21,12.8,0.710925
6268.08,12.8,0.0580069
6279.6,12.8,0.0624181
6284.81,12.8,-0
6286.07,12.8,-0
6286.8,12.8,-0.731186
6287.65,12.8,0
6288.21,12.8,-1.36915
6288.87,12.8,0
6289.49,12.8,-0
6289.96,12.8,-0
6290.88,12.8,0
6291.81,12.8,0
6293.07,12.8,0
6295.45,12.8,0
6301.06,12.8,0.209937
6306.05,12.8,-0
6308.57,12.8,-0
6311.37,12.8,-1.17846
6312.64,12.8,-0
6313.73,12.8,-0
6314.87,12.8,0
6315.98,12.8,-0
6316.82,12.8,-0
6317.82,12.8,0
6318.75,12.8,-0
6319.98,12.8,0
6321.34,12.8,1.49655
6327.68,12.8,-0.272485
6328.93,12.8,-0
6329.83,12.8,-0
6330.91,12.8,0
6331.79,12.8,-0
6332.86,12.8,1.45279
6333.82,12.8,-0
6334.72,12.8,-0
6335.87,12.8,0
6337.32,12.8,0
6338.54,12.8,-0
6339.52,12.8,-0
6340.81,12.8,0.635035
6345.7,12.8,0
6346.95,12.8,-0
6348.58,12.8,0
6349.85,12.8,-0
6350.76,12.8,0.750938
6351.97,12.8,0
6352.9,12.8,-0
6354.02,12.8,1.41764
6355.69,12.8,0
6361.24,12.8,0
6366.61,12.8,-1.40188
6367.69,12.8,-0
6368.66,12.8,-0
6369.5,12.8,-0
6370.8,12.8,0
6371.83,12.8,-0
6372.87,12.8,-1.55228
6374.98,12.8,0
6381.82,12.8,0.476848
6383.46,12.8,-0
6384.75,12.8,1.25334
6385.63,12.8,-0
6386.48,12.8,-0
6387.24,12.8,-0
6387.89,12.8,-0
6388.57,12.8,0
6389.53,12.8,0
6390.38,12.8,-0
6391.18,12.8,-0
6392.16,12.8,0
6393.46,12.8,0.501022
6410.09,12.8,0.0346802
6413.98,12.8,-0.0850697
6417.18,12.8,-0
6420.15,12.8,-0
6424.07,12.8,0.564575
6425.47,12.8,-0
6426.34,12.8,-0
6427.04,12.8,-0
6427.98,12.8,0
6428.93,12.8,0
6429.73,12.8,-0
6431.58,12.8,0
6439.35,12.8,-0.234697
6451.16,12.8,0.36026
6453.32,12.8,-0
6455.57,12.8,1.52008
6456.71,12.8,-0
6457.77,12.8,-0
6458.98,12.8,0
6459.82,12.8,-0
6460.68,12.8,0
6465.27,12.8,0.325543
6468.1,12.8,-0
6469.74,12.8,-0
6471.4,12.8,-1.56603
6472.83,12.8,-0
6474.04,12.8,-1.34871
6475.29,12.8,1.55363
6477.71,12.8,0
6482.74,12.8,0
6483.66,12.8,-0
6484.35,12.8,-1.08702
6485.19,12.8,0
6485.81,12.8,-0
6486.62,12.8,0
6487.4,12.8,-0
6488.17,12.8,-0
6488.78,12.8,-0
6489.8,10.6,0
6493.26,10.6,0
6494.49,10.6,-0
6495.64,10.6,-1.48851
6497.07,10.6,0
6499.49,10.6,0
6503.78,10.6,0
6508.65,10.6,0.91327
6514.1,10.6,0
6522.39,10.6,-0.0100347
6542.65,10.6,0.0237485
6544.14,10.6,-0.0141407
6545.33,10.6,-0
6546.47,10.6,-0
6547.46,10.6,-0
6548.64,10.6,0
6549.9,10.6,0
6553.27,10.6,0
6563.93,10.6,0.254125
6565.5,10.6,-0
6566.86,10.6,-0
6567.91,10.6,-0.890269
6568.96,10.6,0
6570.19,10.6,0
6571.31,10.6,-0
6572.75,10.6,0
6575.51,10.6,0
6593.73,10.6,0.0269709
6595.63,10.6,-0
6596.81,10.6,-0
6598.26,10.6,0
6599.94,10.6,0
6611.22,10.6,-0.11974
6613.59,10.6,-0.455959
6618.67,10.6,-0.237535
6631.81,10.6,-0.0668796
6633.92,10.6,-0
6636.07,10.6,0
6643.25,10.6,-0.00756175
6645.61,10.6,-0
6648.92,10.6,0
6650.74,10.6,-0
6652.49,10.6,-1.32581
6654.55,10.6,0
6655.52,10.6,-0
6656.35,10.6,-0
6657.29,10.6,0
6658.24,10.6,0
6659.19,10.6,0
6660.33,10.6,1.5107
6661.31,10.6,-0
6662.22,10.6,-0
6663.4,10.6,0
6664.47,10.6,-1.4644
6666.42,10.6,0
6670.52,10.6,0
6672.75,10.6,-0
6674.72,10.6,-0
6676.87,10.6,-1.30209
6680.95,10.6,0
6683.79,10.6,-0
6687.83,10.6,0
6690.39,10.6,-0.358059
6692.53,10.6,-0
6694.74,10.6,0
6698.67,10.6,0
6702.65,10.6,0.876138
6705.12,10.6,-0
6707.77,10.6,0
6710.05,10.6,-0
6714.04,10.6,0.291452
6722.09,10.6,0
6729.12,10.6,-0.0373794
6730.57,10.6,-0
6732.4,10.6,0
6734.03,10.6,-0
6736.17,10.6,-0.938047
6738.01,10.6,-0
6743.27,10.6,0
6748.71,10.6,1.52493
6750.34,10.6,0.410582
6752.07,10.6,0
6752.86,10.6,-0
6754.5,10.6,0
6757.81,10.6,0
6766.51,10.6,0.0316804
6769.45,10.6,-0
6770.88,10.6,-0
6772.32,10.6,0
6773.2,10.6,-0
6774.17,10.6,0
6775.23,10.6,-1.45137
6776.26,10.6,-0
6780.11,10.6,0.910473
6781.54,10.6,-0
6782.5,10.6,-0
6783.36,10.6,-0
6784.04,10.6,-0
6785.06,10.6,0
6786.26,10.6,0
6792.19,10.6,-0.137676
6793.54,10.6,-0
6795.06,10.6,0
6796.36,10.6,-0
6797.24,10.6,-0
6798.37,10.6,0
6799.48,10.6,-0
6801.07,10.6,0
6802.08,10.6,-0
6805,10.6,-0.437705
6815.35,10.6,0.307525
6817.16,10.6,-0
6818.76,10.6,-0
6820.42,10.6,-1.53175
6821.77,10.6,-0
6823.38,10.6,0
6826.61,10.6,0
6837.18,10.6,-0.0257343
6838.05,10.6,-0
6839.03,10.6,1.52158
6839.88,10.6,-0
6840.71,10.6,-0
6841.63,10.6,0
6842.54,10.6,-0
6843.25,10.6,-0
6844.12,10.6,0
6844.88,10.6,-0
6845.78,10.6,0
6847.12,10.6,0
6854.37,10.6,0.249114
6857.09,10.6,-0
6858.91,10.6,-0
6860.64,10.6,1.54156
6862.05,10.6,-1.31848
6865.37,10.6,0
6869.08,10.6,0
6873.99,10.6,0.994781
6876.76,10.6,-0
6878.62,10.6,-0
6881.48,10.6,0
6885.68,10.6,1.10573
6891.07,10.6,0
6892.8,10.6,-0
6894.34,10.6,-0
6896.5,10.6,0
6898.69,10.6,1.54929
6900.2,10.6,-0
6901.72,10.6,0
6903.25,10.6,0
6905.31,10.6,0
6908.61,10.6,0
6911.02,10.6,0.484478
6913.62,10.6,0
6917.19,10.6,0
6919.15,10.6,-0
6920.52,10.6,-0
6922.78,10.6,0.362213
6924.33,10.6,-0
6926.07,10.6,0
6927.85,10.6,0
6930.37,10.6,0
6931.97,10.6,-0
6933.63,10.6,0
6935.06,10.6,-1.26946
6936,10.6,-0
6936.63,10.6,-0
6937.23,10.6,-0
6937.98,10.6,0
6938.86,10.6,0
6939.73,10.6,-0
6940.53,10.6,-0
6941.34,10.6,0
6942.09,10.6,-0
6942.89,10.6,0
6943.89,10.6,0
6945.65,10.6,-0.75274
6948.09,10.6,0
6949.08,10.6,-0
6951.95,10.6,0
6954.22,10.6,-0
6955.64,10.6,-0
6957.02,10.6,1.43278
6958.43,10.6,0
6961.04,10.6,0
6961.83,10.6,-0
6965.55,10.6,0
6968.5,10.6,-0
6971.89,10.6,0.816316
6974.4,10.6,-0
6976.61,10.6,-0
6978.46,10.6,-0
6981.76,10.6,-0.543282
6983.35,10.6,-0
6984.78,10.6,-0
6985.69,10.6,-0
6986.72,10.6,0
6988.44,10.6,1.4124
6993.17,10.6,0
6996.18,10.6,-0
6997.93,10.6,-0
6999.41,10.6,-0
7001.66,10.6,-0.894842
7004.2,10.6,0
7008.32,10.6,0
7011.29,10.6,-0
7014.12,10.6,-0
7016.55,10.6,-0
7019.36,10.6,1.4348
7022.11,10.6,1.54906
7026.89,10.6,0
7029.58,10.6,-0
7031.33,10.6,-1.13163
7034.13,10.6,0
7035.82,10.6,-0
7037.17,10.6,-0
7037.92,10.6,-0
7038.98,10.6,0
7043.51,10.6,-0.245618
7045.93,10.6,-0
7047.49,10.6,-0
7048.85,10.6,-0
7050.31,10.6,0
7050.78,10.6,-0
7052.84,10.6,0
7053.11,10.6,-0
7056.81,10.6,0.804062
7058.75,10.6,-0
7062.3,10.6,-1.01153
7068.6,10.6,0.567175
7069.58,10.6,-0
7071.73,10.6,0
7074.85,10.6,0
7077.05,10.6,-0
7078.19,10.6,-0
7079.83,10.6,1.01326
7080.68,10.6,-0
7082.66,10.6,0
7084.78,10.6,0
7086.51,10.6,-0
7088.26,10.6,0
7090.22,10.6,0
7092.58,10.6,0.0237702
7093.96,10.6,-0
7095.72,10.6,0
7097.53,10.6,0
7098.93,10.6,-0
7100.05,10.6,-0
7101,10.6,-0
7101.78,10.6,-0
7102.35,10.6,-0
7102.89,10.6,-0
7105.24,10.6,0.294818
7107.61,10.6,0
7114.16,10.6,-0.512283
7121.25,10.6,1.14296
7122.2,10.6,-0
7128.07,10.6,0
7131.91,10.6,-0.739205
7136.87,10.6,-1.19605
7142.81,10.6,0
7145.71,10.6,-0.467357
7146.95,10.6,-0
7149.59,10.6,0
7151.33,10.6,-0
7153.64,10.6,0
7155.88,10.6,-0
7160.53,10.6,0.031478
7165.39,10.6,0
7170.81,10.6,-0.607288
7173.23,10.6,-0
7180.86,12.5,0.0443813
7182.44,13.1,-0
7187.87,13.1,0
7189.77,13.1,-0.283711
7191.57,13.1,-0
7193.78,13.1,0
7196.8,13.1,0
7198.34,13.1,1.04752
7201.12,13.1,0.90376
7203.69,13.1,-0
7206.29,13.1,0
7210.28,13.1,0
7213.45,13.1,-1.17628
7216.32,13.1,-0
7220.66,13.1,-1.07125
7224.35,13.1,-0.825382
7227.22,8.1,-0
7227.79,10.3,-0
7228.37,10.3,0
7232.92,10.3,0
7234.88,10.3,-0
7236.02,10.3,-0
7237.17,10.3,1.56675
7239.17,10.3,0
7249.98,10.3,0.216676
7254.89,10.3,-0
7260.7,10.3,0
7262.67,10.3,-0.239585
7264.52,10.3,-0
7266.84,10.3,0
7269.66,10.3,-1.44372
7279.24,9.4,0.135744
7294.9,4.7,-0.852712
7308.78,4.7,-0
7316.87,4.7,-0
7324.47,4.7,-1.46472
7327.13,4.7,-0
7338.16,4.7,0
7339.63,4.7,-0
7340.55,4.7,-0
7341.59,4.7,0
7342.67,4.7,0
7346.38,4.7,0
